Feature,Importance
RSI,0.17252947012277042
MACD,0.15882045716426174
MACDSignal,0.15010804424878196
SMA20,0.13583998352229518
SMA50,0.13247408497325222
Volume,0.157289640527574
Spread,0.09293831944106445
